model,accuracy,precision,recall,f1,auc,cv_mean_auc,cv_std_auc
RandomForest,0.9594594594594594,0.9848993288590604,0.9332273449920508,0.9583673469387755,0.9945228123475576,0.9492230105901379,0.028736598197529425
SVM,0.9141494435612083,0.9168,0.9109697933227345,0.9138755980861244,0.9668626355711365,0.9117015742975804,0.0375201930473325
XGBoost,0.9912559618441972,0.9983870967741936,0.9841017488076311,0.9911929543634908,0.999595592974439,0.9496005331642813,0.03344644552173826
ANN,0.972972972972973,0.9869067103109657,0.958664546899841,0.9725806451612903,0.9944267656789867,0.0,0.0
Transformer,0.9546899841017488,0.9359756097560976,0.9761526232114467,0.9556420233463035,0.9924578089732864,0.0,0.0
